{
    "$schema": "https://schema.management.azure.com/schemas/2019-04-01/deploymentParameters.json#",
    "contentVersion": "1.0.0.0",
    "parameters": {
        "azureBotId": {
            "value": ""
        },
        "azureBotSku": {
            "value": "S1"
        },
        "azureBotRegion": {
            "value": "global"
        },
        "botEndpoint": {
            "value": ""
        },
        "appType": {
          "value": "MultiTenant"
        },
        "appId": {
            "value": ""
        },
        "tenantId": {
          "value": ""
        }
    }
}